"reference_date","model","report_date",".group","max_confirm","confirm","delay","cum_prop_reported","prop_reported","mean","median","sd","rhat","ess_bulk","ess_tail","nowcast_date","range","interval_score","dispersion","underprediction","overprediction","coverage","coverage_deviation","bias","quantile","ae_median","quantile_coverage"
2022-04-25,"Reference: Fixed, Report: Day of Week",2022-05-01,1,13300,13300,6,1,0,13600,13400,632,1,1880,1760,2022-05-01,0,3,0,0,3,0,0,0.2,0.5,3,TRUE
2022-04-25,"Reference: Fixed, Report: Day of Week",2022-05-01,1,13300,13300,6,1,0,13600,13400,632,1,1880,1760,2022-05-01,20,39.4,39.4,0,0,1,0.8,0.2,0.4,3,FALSE
2022-04-25,"Reference: Fixed, Report: Day of Week",2022-05-01,1,13300,13300,6,1,0,13600,13400,632,1,1880,1760,2022-05-01,20,39.4,39.4,0,0,1,0.8,0.2,0.6,3,TRUE
2022-04-25,"Reference: Fixed, Report: Day of Week",2022-05-01,1,13300,13300,6,1,0,13600,13400,632,1,1880,1760,2022-05-01,40,69.3,69.3,0,0,1,0.6,0.2,0.3,3,FALSE
2022-04-25,"Reference: Fixed, Report: Day of Week",2022-05-01,1,13300,13300,6,1,0,13600,13400,632,1,1880,1760,2022-05-01,40,69.3,69.3,0,0,1,0.6,0.2,0.7,3,TRUE
2022-04-25,"Reference: Fixed, Report: Day of Week",2022-05-01,1,13300,13300,6,1,0,13600,13400,632,1,1880,1760,2022-05-01,60,81.6,81.6,0,0,1,0.4,0.2,0.2,3,FALSE
2022-04-25,"Reference: Fixed, Report: Day of Week",2022-05-01,1,13300,13300,6,1,0,13600,13400,632,1,1880,1760,2022-05-01,60,81.6,81.6,0,0,1,0.4,0.2,0.8,3,TRUE
2022-04-25,"Reference: Fixed, Report: Day of Week",2022-05-01,1,13300,13300,6,1,0,13600,13400,632,1,1880,1760,2022-05-01,80,79.7,79.7,0,0,1,0.2,0.2,0.1,3,FALSE
2022-04-25,"Reference: Fixed, Report: Day of Week",2022-05-01,1,13300,13300,6,1,0,13600,13400,632,1,1880,1760,2022-05-01,80,79.7,79.7,0,0,1,0.2,0.2,0.9,3,TRUE
2022-04-25,"Reference: Fixed, Report: Day of Week",2022-05-01,1,13300,13300,6,1,0,13600,13400,632,1,1880,1760,2022-05-01,90,62.2,62.2,0,0,1,0.1,0.2,0.05,3,FALSE
2022-04-25,"Reference: Fixed, Report: Day of Week",2022-05-01,1,13300,13300,6,1,0,13600,13400,632,1,1880,1760,2022-05-01,90,62.2,62.2,0,0,1,0.1,0.2,0.95,3,TRUE
2022-04-25,"Reference: Fixed, Report: Day of Week",2022-05-01,1,13300,13300,6,1,0,13600,13400,632,1,1880,1760,2022-05-01,95,48.2,48.2,0,0,1,0.05,0.2,0.025,3,FALSE
2022-04-25,"Reference: Fixed, Report: Day of Week",2022-05-01,1,13300,13300,6,1,0,13600,13400,632,1,1880,1760,2022-05-01,95,48.2,48.2,0,0,1,0.05,0.2,0.975,3,TRUE
2022-04-25,"Reference: Fixed, Report: Fixed",2022-05-01,1,13300,13300,6,1,0,13300,13300,209,1,1750,1820,2022-05-01,0,105,0,105,0,0,0,-0.8,0.5,105,FALSE
2022-04-25,"Reference: Fixed, Report: Fixed",2022-05-01,1,13300,13300,6,1,0,13300,13300,209,1,1750,1820,2022-05-01,20,100,8.4,92,0,0,-0.2,-0.8,0.4,105,FALSE
2022-04-25,"Reference: Fixed, Report: Fixed",2022-05-01,1,13300,13300,6,1,0,13300,13300,209,1,1750,1820,2022-05-01,20,100,8.4,92,0,0,-0.2,-0.8,0.6,105,FALSE
2022-04-25,"Reference: Fixed, Report: Fixed",2022-05-01,1,13300,13300,6,1,0,13300,13300,209,1,1750,1820,2022-05-01,40,84.1,14.1,70,0,0,-0.4,-0.8,0.3,105,FALSE
2022-04-25,"Reference: Fixed, Report: Fixed",2022-05-01,1,13300,13300,6,1,0,13300,13300,209,1,1750,1820,2022-05-01,40,84.1,14.1,70,0,0,-0.4,-0.8,0.7,105,FALSE
2022-04-25,"Reference: Fixed, Report: Fixed",2022-05-01,1,13300,13300,6,1,0,13300,13300,209,1,1750,1820,2022-05-01,60,41.4,19.4,22,0,0,-0.6,-0.8,0.2,105,FALSE
2022-04-25,"Reference: Fixed, Report: Fixed",2022-05-01,1,13300,13300,6,1,0,13300,13300,209,1,1750,1820,2022-05-01,60,41.4,19.4,22,0,0,-0.6,-0.8,0.8,105,FALSE
2022-04-25,"Reference: Fixed, Report: Fixed",2022-05-01,1,13300,13300,6,1,0,13300,13300,209,1,1750,1820,2022-05-01,80,21,21,0,0,1,0.2,-0.8,0.1,105,FALSE
2022-04-25,"Reference: Fixed, Report: Fixed",2022-05-01,1,13300,13300,6,1,0,13300,13300,209,1,1750,1820,2022-05-01,80,21,21,0,0,1,0.2,-0.8,0.9,105,TRUE
2022-04-25,"Reference: Fixed, Report: Fixed",2022-05-01,1,13300,13300,6,1,0,13300,13300,209,1,1750,1820,2022-05-01,90,20.2,20.2,0,0,1,0.1,-0.8,0.05,105,FALSE
2022-04-25,"Reference: Fixed, Report: Fixed",2022-05-01,1,13300,13300,6,1,0,13300,13300,209,1,1750,1820,2022-05-01,90,20.2,20.2,0,0,1,0.1,-0.8,0.95,105,TRUE
2022-04-25,"Reference: Fixed, Report: Fixed",2022-05-01,1,13300,13300,6,1,0,13300,13300,209,1,1750,1820,2022-05-01,95,17.9,17.9,0,0,1,0.05,-0.8,0.025,105,FALSE
2022-04-25,"Reference: Fixed, Report: Fixed",2022-05-01,1,13300,13300,6,1,0,13300,13300,209,1,1750,1820,2022-05-01,95,17.9,17.9,0,0,1,0.05,-0.8,0.975,105,TRUE
2022-04-25,"Reference: Week, Report: Day of Week",2022-05-01,1,13300,13300,6,1,0,13500,13300,631,1.02,185,1390,2022-05-01,0,50,0,50,0,0,0,-0.4,0.5,50,FALSE
2022-04-25,"Reference: Week, Report: Day of Week",2022-05-01,1,13300,13300,6,1,0,13500,13300,631,1.02,185,1390,2022-05-01,20,38.8,26.8,12,0,0,-0.2,-0.4,0.4,50,FALSE
2022-04-25,"Reference: Week, Report: Day of Week",2022-05-01,1,13300,13300,6,1,0,13500,13300,631,1.02,185,1390,2022-05-01,20,38.8,26.8,12,0,0,-0.2,-0.4,0.6,50,FALSE
2022-04-25,"Reference: Week, Report: Day of Week",2022-05-01,1,13300,13300,6,1,0,13500,13300,631,1.02,185,1390,2022-05-01,40,44.5,44.5,0,0,1,0.6,-0.4,0.3,50,FALSE
2022-04-25,"Reference: Week, Report: Day of Week",2022-05-01,1,13300,13300,6,1,0,13500,13300,631,1.02,185,1390,2022-05-01,40,44.5,44.5,0,0,1,0.6,-0.4,0.7,50,TRUE
2022-04-25,"Reference: Week, Report: Day of Week",2022-05-01,1,13300,13300,6,1,0,13500,13300,631,1.02,185,1390,2022-05-01,60,55.7,55.7,0,0,1,0.4,-0.4,0.2,50,FALSE
2022-04-25,"Reference: Week, Report: Day of Week",2022-05-01,1,13300,13300,6,1,0,13500,13300,631,1.02,185,1390,2022-05-01,60,55.7,55.7,0,0,1,0.4,-0.4,0.8,50,TRUE
2022-04-25,"Reference: Week, Report: Day of Week",2022-05-01,1,13300,13300,6,1,0,13500,13300,631,1.02,185,1390,2022-05-01,80,57.9,57.9,0,0,1,0.2,-0.4,0.1,50,FALSE
2022-04-25,"Reference: Week, Report: Day of Week",2022-05-01,1,13300,13300,6,1,0,13500,13300,631,1.02,185,1390,2022-05-01,80,57.9,57.9,0,0,1,0.2,-0.4,0.9,50,TRUE
2022-04-25,"Reference: Week, Report: Day of Week",2022-05-01,1,13300,13300,6,1,0,13500,13300,631,1.02,185,1390,2022-05-01,90,51.9,51.9,0,0,1,0.1,-0.4,0.05,50,FALSE
2022-04-25,"Reference: Week, Report: Day of Week",2022-05-01,1,13300,13300,6,1,0,13500,13300,631,1.02,185,1390,2022-05-01,90,51.9,51.9,0,0,1,0.1,-0.4,0.95,50,TRUE
2022-04-25,"Reference: Week, Report: Day of Week",2022-05-01,1,13300,13300,6,1,0,13500,13300,631,1.02,185,1390,2022-05-01,95,35.3,35.3,0,0,1,0.05,-0.4,0.025,50,FALSE
2022-04-25,"Reference: Week, Report: Day of Week",2022-05-01,1,13300,13300,6,1,0,13500,13300,631,1.02,185,1390,2022-05-01,95,35.3,35.3,0,0,1,0.05,-0.4,0.975,50,TRUE
2022-04-26,"Reference: Fixed, Report: Day of Week",2022-05-01,1,10900,10900,5,1,0,12900,11600,3480,0.999,1980,1960,2022-05-01,0,336,0,0,336,0,0,0.4,0.5,336,TRUE
2022-04-26,"Reference: Fixed, Report: Day of Week",2022-05-01,1,10900,10900,5,1,0,12900,11600,3480,0.999,1980,1960,2022-05-01,20,350,248,0,102,0,-0.2,0.4,0.4,336,TRUE
2022-04-26,"Reference: Fixed, Report: Day of Week",2022-05-01,1,10900,10900,5,1,0,12900,11600,3480,0.999,1980,1960,2022-05-01,20,350,248,0,102,0,-0.2,0.4,0.6,336,TRUE
2022-04-26,"Reference: Fixed, Report: Day of Week",2022-05-01,1,10900,10900,5,1,0,12900,11600,3480,0.999,1980,1960,2022-05-01,40,398,398,0,0,1,0.6,0.4,0.3,336,FALSE
2022-04-26,"Reference: Fixed, Report: Day of Week",2022-05-01,1,10900,10900,5,1,0,12900,11600,3480,0.999,1980,1960,2022-05-01,40,398,398,0,0,1,0.6,0.4,0.7,336,TRUE
2022-04-26,"Reference: Fixed, Report: Day of Week",2022-05-01,1,10900,10900,5,1,0,12900,11600,3480,0.999,1980,1960,2022-05-01,60,512,512,0,0,1,0.4,0.4,0.2,336,FALSE
2022-04-26,"Reference: Fixed, Report: Day of Week",2022-05-01,1,10900,10900,5,1,0,12900,11600,3480,0.999,1980,1960,2022-05-01,60,512,512,0,0,1,0.4,0.4,0.8,336,TRUE
2022-04-26,"Reference: Fixed, Report: Day of Week",2022-05-01,1,10900,10900,5,1,0,12900,11600,3480,0.999,1980,1960,2022-05-01,80,490,490,0,0,1,0.2,0.4,0.1,336,FALSE
2022-04-26,"Reference: Fixed, Report: Day of Week",2022-05-01,1,10900,10900,5,1,0,12900,11600,3480,0.999,1980,1960,2022-05-01,80,490,490,0,0,1,0.2,0.4,0.9,336,TRUE
2022-04-26,"Reference: Fixed, Report: Day of Week",2022-05-01,1,10900,10900,5,1,0,12900,11600,3480,0.999,1980,1960,2022-05-01,90,425,425,0,0,1,0.1,0.4,0.05,336,FALSE
2022-04-26,"Reference: Fixed, Report: Day of Week",2022-05-01,1,10900,10900,5,1,0,12900,11600,3480,0.999,1980,1960,2022-05-01,90,425,425,0,0,1,0.1,0.4,0.95,336,TRUE
2022-04-26,"Reference: Fixed, Report: Day of Week",2022-05-01,1,10900,10900,5,1,0,12900,11600,3480,0.999,1980,1960,2022-05-01,95,295,295,0,0,1,0.05,0.4,0.025,336,FALSE
2022-04-26,"Reference: Fixed, Report: Day of Week",2022-05-01,1,10900,10900,5,1,0,12900,11600,3480,0.999,1980,1960,2022-05-01,95,295,295,0,0,1,0.05,0.4,0.975,336,TRUE
2022-04-26,"Reference: Fixed, Report: Fixed",2022-05-01,1,10900,10900,5,1,0,11200,11000,654,0.999,1920,1950,2022-05-01,0,294,0,294,0,0,0,-0.8,0.5,294,FALSE
2022-04-26,"Reference: Fixed, Report: Fixed",2022-05-01,1,10900,10900,5,1,0,11200,11000,654,0.999,1920,1950,2022-05-01,20,281,27,254,0,0,-0.2,-0.8,0.4,294,FALSE
2022-04-26,"Reference: Fixed, Report: Fixed",2022-05-01,1,10900,10900,5,1,0,11200,11000,654,0.999,1920,1950,2022-05-01,20,281,27,254,0,0,-0.2,-0.8,0.6,294,FALSE
2022-04-26,"Reference: Fixed, Report: Fixed",2022-05-01,1,10900,10900,5,1,0,11200,11000,654,0.999,1920,1950,2022-05-01,40,221,48.9,172,0,0,-0.4,-0.8,0.3,294,FALSE
2022-04-26,"Reference: Fixed, Report: Fixed",2022-05-01,1,10900,10900,5,1,0,11200,11000,654,0.999,1920,1950,2022-05-01,40,221,48.9,172,0,0,-0.4,-0.8,0.7,294,FALSE
2022-04-26,"Reference: Fixed, Report: Fixed",2022-05-01,1,10900,10900,5,1,0,11200,11000,654,0.999,1920,1950,2022-05-01,60,71,68.2,2.8,0,0,-0.6,-0.8,0.2,294,FALSE
2022-04-26,"Reference: Fixed, Report: Fixed",2022-05-01,1,10900,10900,5,1,0,11200,11000,654,0.999,1920,1950,2022-05-01,60,71,68.2,2.8,0,0,-0.6,-0.8,0.8,294,FALSE
2022-04-26,"Reference: Fixed, Report: Fixed",2022-05-01,1,10900,10900,5,1,0,11200,11000,654,0.999,1920,1950,2022-05-01,80,72.4,72.4,0,0,1,0.2,-0.8,0.1,294,FALSE
2022-04-26,"Reference: Fixed, Report: Fixed",2022-05-01,1,10900,10900,5,1,0,11200,11000,654,0.999,1920,1950,2022-05-01,80,72.4,72.4,0,0,1,0.2,-0.8,0.9,294,TRUE
2022-04-26,"Reference: Fixed, Report: Fixed",2022-05-01,1,10900,10900,5,1,0,11200,11000,654,0.999,1920,1950,2022-05-01,90,65.3,65.3,0,0,1,0.1,-0.8,0.05,294,FALSE
2022-04-26,"Reference: Fixed, Report: Fixed",2022-05-01,1,10900,10900,5,1,0,11200,11000,654,0.999,1920,1950,2022-05-01,90,65.3,65.3,0,0,1,0.1,-0.8,0.95,294,TRUE
2022-04-26,"Reference: Fixed, Report: Fixed",2022-05-01,1,10900,10900,5,1,0,11200,11000,654,0.999,1920,1950,2022-05-01,95,48.2,48.2,0,0,1,0.05,-0.8,0.025,294,FALSE
2022-04-26,"Reference: Fixed, Report: Fixed",2022-05-01,1,10900,10900,5,1,0,11200,11000,654,0.999,1920,1950,2022-05-01,95,48.2,48.2,0,0,1,0.05,-0.8,0.975,294,TRUE
2022-04-26,"Reference: Week, Report: Day of Week",2022-05-01,1,10900,10900,5,1,0,12700,11500,3860,1.02,886,1780,2022-05-01,0,194,0,0,194,0,0,0.2,0.5,194,TRUE
2022-04-26,"Reference: Week, Report: Day of Week",2022-05-01,1,10900,10900,5,1,0,12700,11500,3860,1.02,886,1780,2022-05-01,20,207,207,0,0,1,0.8,0.2,0.4,194,FALSE
2022-04-26,"Reference: Week, Report: Day of Week",2022-05-01,1,10900,10900,5,1,0,12700,11500,3860,1.02,886,1780,2022-05-01,20,207,207,0,0,1,0.8,0.2,0.6,194,TRUE
2022-04-26,"Reference: Week, Report: Day of Week",2022-05-01,1,10900,10900,5,1,0,12700,11500,3860,1.02,886,1780,2022-05-01,40,372,372,0,0,1,0.6,0.2,0.3,194,FALSE
2022-04-26,"Reference: Week, Report: Day of Week",2022-05-01,1,10900,10900,5,1,0,12700,11500,3860,1.02,886,1780,2022-05-01,40,372,372,0,0,1,0.6,0.2,0.7,194,TRUE
2022-04-26,"Reference: Week, Report: Day of Week",2022-05-01,1,10900,10900,5,1,0,12700,11500,3860,1.02,886,1780,2022-05-01,60,462,462,0,0,1,0.4,0.2,0.2,194,FALSE
2022-04-26,"Reference: Week, Report: Day of Week",2022-05-01,1,10900,10900,5,1,0,12700,11500,3860,1.02,886,1780,2022-05-01,60,462,462,0,0,1,0.4,0.2,0.8,194,TRUE
2022-04-26,"Reference: Week, Report: Day of Week",2022-05-01,1,10900,10900,5,1,0,12700,11500,3860,1.02,886,1780,2022-05-01,80,433,433,0,0,1,0.2,0.2,0.1,194,FALSE
2022-04-26,"Reference: Week, Report: Day of Week",2022-05-01,1,10900,10900,5,1,0,12700,11500,3860,1.02,886,1780,2022-05-01,80,433,433,0,0,1,0.2,0.2,0.9,194,TRUE
2022-04-26,"Reference: Week, Report: Day of Week",2022-05-01,1,10900,10900,5,1,0,12700,11500,3860,1.02,886,1780,2022-05-01,90,378,378,0,0,1,0.1,0.2,0.05,194,FALSE
2022-04-26,"Reference: Week, Report: Day of Week",2022-05-01,1,10900,10900,5,1,0,12700,11500,3860,1.02,886,1780,2022-05-01,90,378,378,0,0,1,0.1,0.2,0.95,194,TRUE
2022-04-26,"Reference: Week, Report: Day of Week",2022-05-01,1,10900,10900,5,1,0,12700,11500,3860,1.02,886,1780,2022-05-01,95,320,320,0,0,1,0.05,0.2,0.025,194,FALSE
2022-04-26,"Reference: Week, Report: Day of Week",2022-05-01,1,10900,10900,5,1,0,12700,11500,3860,1.02,886,1780,2022-05-01,95,320,320,0,0,1,0.05,0.2,0.975,194,TRUE
2022-04-27,"Reference: Fixed, Report: Day of Week",2022-05-01,1,9330,9330,4,1,0,17300,12300,14000,1,2030,1880,2022-05-01,0,2240,0,0,2240,0,0,0.6,0.5,2240,TRUE
2022-04-27,"Reference: Fixed, Report: Day of Week",2022-05-01,1,9330,9330,4,1,0,17300,12300,14000,1,2030,1880,2022-05-01,20,2260,1130,0,1130,0,-0.2,0.6,0.4,2240,TRUE
2022-04-27,"Reference: Fixed, Report: Day of Week",2022-05-01,1,9330,9330,4,1,0,17300,12300,14000,1,2030,1880,2022-05-01,20,2260,1130,0,1130,0,-0.2,0.6,0.6,2240,TRUE
2022-04-27,"Reference: Fixed, Report: Day of Week",2022-05-01,1,9330,9330,4,1,0,17300,12300,14000,1,2030,1880,2022-05-01,40,2180,1830,0,355,0,-0.4,0.6,0.3,2240,TRUE
2022-04-27,"Reference: Fixed, Report: Day of Week",2022-05-01,1,9330,9330,4,1,0,17300,12300,14000,1,2030,1880,2022-05-01,40,2180,1830,0,355,0,-0.4,0.6,0.7,2240,TRUE
2022-04-27,"Reference: Fixed, Report: Day of Week",2022-05-01,1,9330,9330,4,1,0,17300,12300,14000,1,2030,1880,2022-05-01,60,2100,2100,0,0,1,0.4,0.6,0.2,2240,FALSE
2022-04-27,"Reference: Fixed, Report: Day of Week",2022-05-01,1,9330,9330,4,1,0,17300,12300,14000,1,2030,1880,2022-05-01,60,2100,2100,0,0,1,0.4,0.6,0.8,2240,TRUE
2022-04-27,"Reference: Fixed, Report: Day of Week",2022-05-01,1,9330,9330,4,1,0,17300,12300,14000,1,2030,1880,2022-05-01,80,1950,1950,0,0,1,0.2,0.6,0.1,2240,FALSE
2022-04-27,"Reference: Fixed, Report: Day of Week",2022-05-01,1,9330,9330,4,1,0,17300,12300,14000,1,2030,1880,2022-05-01,80,1950,1950,0,0,1,0.2,0.6,0.9,2240,TRUE
2022-04-27,"Reference: Fixed, Report: Day of Week",2022-05-01,1,9330,9330,4,1,0,17300,12300,14000,1,2030,1880,2022-05-01,90,1570,1570,0,0,1,0.1,0.6,0.05,2240,FALSE
2022-04-27,"Reference: Fixed, Report: Day of Week",2022-05-01,1,9330,9330,4,1,0,17300,12300,14000,1,2030,1880,2022-05-01,90,1570,1570,0,0,1,0.1,0.6,0.95,2240,TRUE
2022-04-27,"Reference: Fixed, Report: Day of Week",2022-05-01,1,9330,9330,4,1,0,17300,12300,14000,1,2030,1880,2022-05-01,95,1200,1200,0,0,1,0.05,0.6,0.025,2240,FALSE
2022-04-27,"Reference: Fixed, Report: Day of Week",2022-05-01,1,9330,9330,4,1,0,17300,12300,14000,1,2030,1880,2022-05-01,95,1200,1200,0,0,1,0.05,0.6,0.975,2240,TRUE
2022-04-27,"Reference: Fixed, Report: Fixed",2022-05-01,1,9330,9330,4,1,0,10300,9500,2480,1,1790,1940,2022-05-01,0,590,0,590,0,0,0,-0.6,0.5,590,FALSE
2022-04-27,"Reference: Fixed, Report: Fixed",2022-05-01,1,9330,9330,4,1,0,10300,9500,2480,1,1790,1940,2022-05-01,20,541,83.9,457,0,0,-0.2,-0.6,0.4,590,FALSE
2022-04-27,"Reference: Fixed, Report: Fixed",2022-05-01,1,9330,9330,4,1,0,10300,9500,2480,1,1790,1940,2022-05-01,20,541,83.9,457,0,0,-0.2,-0.6,0.6,590,FALSE
2022-04-27,"Reference: Fixed, Report: Fixed",2022-05-01,1,9330,9330,4,1,0,10300,9500,2480,1,1790,1940,2022-05-01,40,392,138,255,0,0,-0.4,-0.6,0.3,590,FALSE
2022-04-27,"Reference: Fixed, Report: Fixed",2022-05-01,1,9330,9330,4,1,0,10300,9500,2480,1,1790,1940,2022-05-01,40,392,138,255,0,0,-0.4,-0.6,0.7,590,FALSE
2022-04-27,"Reference: Fixed, Report: Fixed",2022-05-01,1,9330,9330,4,1,0,10300,9500,2480,1,1790,1940,2022-05-01,60,205,205,0,0,1,0.4,-0.6,0.2,590,FALSE
2022-04-27,"Reference: Fixed, Report: Fixed",2022-05-01,1,9330,9330,4,1,0,10300,9500,2480,1,1790,1940,2022-05-01,60,205,205,0,0,1,0.4,-0.6,0.8,590,TRUE
2022-04-27,"Reference: Fixed, Report: Fixed",2022-05-01,1,9330,9330,4,1,0,10300,9500,2480,1,1790,1940,2022-05-01,80,236,236,0,0,1,0.2,-0.6,0.1,590,FALSE
2022-04-27,"Reference: Fixed, Report: Fixed",2022-05-01,1,9330,9330,4,1,0,10300,9500,2480,1,1790,1940,2022-05-01,80,236,236,0,0,1,0.2,-0.6,0.9,590,TRUE
2022-04-27,"Reference: Fixed, Report: Fixed",2022-05-01,1,9330,9330,4,1,0,10300,9500,2480,1,1790,1940,2022-05-01,90,230,230,0,0,1,0.1,-0.6,0.05,590,FALSE
2022-04-27,"Reference: Fixed, Report: Fixed",2022-05-01,1,9330,9330,4,1,0,10300,9500,2480,1,1790,1940,2022-05-01,90,230,230,0,0,1,0.1,-0.6,0.95,590,TRUE
2022-04-27,"Reference: Fixed, Report: Fixed",2022-05-01,1,9330,9330,4,1,0,10300,9500,2480,1,1790,1940,2022-05-01,95,189,189,0,0,1,0.05,-0.6,0.025,590,FALSE
2022-04-27,"Reference: Fixed, Report: Fixed",2022-05-01,1,9330,9330,4,1,0,10300,9500,2480,1,1790,1940,2022-05-01,95,189,189,0,0,1,0.05,-0.6,0.975,590,TRUE
2022-04-27,"Reference: Week, Report: Day of Week",2022-05-01,1,9330,9330,4,1,0,18700,12300,19900,1,1570,1770,2022-05-01,0,2190,0,0,2190,0,0,0.6,0.5,2190,TRUE
2022-04-27,"Reference: Week, Report: Day of Week",2022-05-01,1,9330,9330,4,1,0,18700,12300,19900,1,1570,1770,2022-05-01,20,2380,1270,0,1100,0,-0.2,0.6,0.4,2190,TRUE
2022-04-27,"Reference: Week, Report: Day of Week",2022-05-01,1,9330,9330,4,1,0,18700,12300,19900,1,1570,1770,2022-05-01,20,2380,1270,0,1100,0,-0.2,0.6,0.6,2190,TRUE
2022-04-27,"Reference: Week, Report: Day of Week",2022-05-01,1,9330,9330,4,1,0,18700,12300,19900,1,1570,1770,2022-05-01,40,2440,2040,0,402,0,-0.4,0.6,0.3,2190,TRUE
2022-04-27,"Reference: Week, Report: Day of Week",2022-05-01,1,9330,9330,4,1,0,18700,12300,19900,1,1570,1770,2022-05-01,40,2440,2040,0,402,0,-0.4,0.6,0.7,2190,TRUE
2022-04-27,"Reference: Week, Report: Day of Week",2022-05-01,1,9330,9330,4,1,0,18700,12300,19900,1,1570,1770,2022-05-01,60,2450,2450,0,0,1,0.4,0.6,0.2,2190,FALSE
2022-04-27,"Reference: Week, Report: Day of Week",2022-05-01,1,9330,9330,4,1,0,18700,12300,19900,1,1570,1770,2022-05-01,60,2450,2450,0,0,1,0.4,0.6,0.8,2190,TRUE
2022-04-27,"Reference: Week, Report: Day of Week",2022-05-01,1,9330,9330,4,1,0,18700,12300,19900,1,1570,1770,2022-05-01,80,2210,2210,0,0,1,0.2,0.6,0.1,2190,FALSE
2022-04-27,"Reference: Week, Report: Day of Week",2022-05-01,1,9330,9330,4,1,0,18700,12300,19900,1,1570,1770,2022-05-01,80,2210,2210,0,0,1,0.2,0.6,0.9,2190,TRUE
2022-04-27,"Reference: Week, Report: Day of Week",2022-05-01,1,9330,9330,4,1,0,18700,12300,19900,1,1570,1770,2022-05-01,90,1910,1910,0,0,1,0.1,0.6,0.05,2190,FALSE
2022-04-27,"Reference: Week, Report: Day of Week",2022-05-01,1,9330,9330,4,1,0,18700,12300,19900,1,1570,1770,2022-05-01,90,1910,1910,0,0,1,0.1,0.6,0.95,2190,TRUE
2022-04-27,"Reference: Week, Report: Day of Week",2022-05-01,1,9330,9330,4,1,0,18700,12300,19900,1,1570,1770,2022-05-01,95,1380,1380,0,0,1,0.05,0.6,0.025,2190,FALSE
2022-04-27,"Reference: Week, Report: Day of Week",2022-05-01,1,9330,9330,4,1,0,18700,12300,19900,1,1570,1770,2022-05-01,95,1380,1380,0,0,1,0.05,0.6,0.975,2190,TRUE
2022-04-28,"Reference: Fixed, Report: Day of Week",2022-05-01,1,5810,5810,3,1,0,24500,12800,32300,1,2030,1830,2022-05-01,0,3760,0,0,3760,0,0,0.4,0.5,3760,TRUE
2022-04-28,"Reference: Fixed, Report: Day of Week",2022-05-01,1,5810,5810,3,1,0,24500,12800,32300,1,2030,1830,2022-05-01,20,3950,2500,0,1450,0,-0.2,0.4,0.4,3760,TRUE
2022-04-28,"Reference: Fixed, Report: Day of Week",2022-05-01,1,5810,5810,3,1,0,24500,12800,32300,1,2030,1830,2022-05-01,20,3950,2500,0,1450,0,-0.2,0.4,0.6,3760,TRUE
2022-04-28,"Reference: Fixed, Report: Day of Week",2022-05-01,1,5810,5810,3,1,0,24500,12800,32300,1,2030,1830,2022-05-01,40,3930,3930,0,0,1,0.6,0.4,0.3,3760,FALSE
2022-04-28,"Reference: Fixed, Report: Day of Week",2022-05-01,1,5810,5810,3,1,0,24500,12800,32300,1,2030,1830,2022-05-01,40,3930,3930,0,0,1,0.6,0.4,0.7,3760,TRUE
2022-04-28,"Reference: Fixed, Report: Day of Week",2022-05-01,1,5810,5810,3,1,0,24500,12800,32300,1,2030,1830,2022-05-01,60,4940,4940,0,0,1,0.4,0.4,0.2,3760,FALSE
2022-04-28,"Reference: Fixed, Report: Day of Week",2022-05-01,1,5810,5810,3,1,0,24500,12800,32300,1,2030,1830,2022-05-01,60,4940,4940,0,0,1,0.4,0.4,0.8,3760,TRUE
2022-04-28,"Reference: Fixed, Report: Day of Week",2022-05-01,1,5810,5810,3,1,0,24500,12800,32300,1,2030,1830,2022-05-01,80,5060,5060,0,0,1,0.2,0.4,0.1,3760,FALSE
2022-04-28,"Reference: Fixed, Report: Day of Week",2022-05-01,1,5810,5810,3,1,0,24500,12800,32300,1,2030,1830,2022-05-01,80,5060,5060,0,0,1,0.2,0.4,0.9,3760,TRUE
2022-04-28,"Reference: Fixed, Report: Day of Week",2022-05-01,1,5810,5810,3,1,0,24500,12800,32300,1,2030,1830,2022-05-01,90,3780,3780,0,0,1,0.1,0.4,0.05,3760,FALSE
2022-04-28,"Reference: Fixed, Report: Day of Week",2022-05-01,1,5810,5810,3,1,0,24500,12800,32300,1,2030,1830,2022-05-01,90,3780,3780,0,0,1,0.1,0.4,0.95,3760,TRUE
2022-04-28,"Reference: Fixed, Report: Day of Week",2022-05-01,1,5810,5810,3,1,0,24500,12800,32300,1,2030,1830,2022-05-01,95,2560,2560,0,0,1,0.05,0.4,0.025,3760,FALSE
2022-04-28,"Reference: Fixed, Report: Day of Week",2022-05-01,1,5810,5810,3,1,0,24500,12800,32300,1,2030,1830,2022-05-01,95,2560,2560,0,0,1,0.05,0.4,0.975,3760,TRUE
2022-04-28,"Reference: Fixed, Report: Fixed",2022-05-01,1,5810,5810,3,1,0,9030,6420,8780,1,1930,1830,2022-05-01,0,2570,0,2570,0,0,0,-0.6,0.5,2570,FALSE
2022-04-28,"Reference: Fixed, Report: Fixed",2022-05-01,1,5810,5810,3,1,0,9030,6420,8780,1,1930,1830,2022-05-01,20,2440,276,2160,0,0,-0.2,-0.6,0.4,2570,FALSE
2022-04-28,"Reference: Fixed, Report: Fixed",2022-05-01,1,5810,5810,3,1,0,9030,6420,8780,1,1930,1830,2022-05-01,20,2440,276,2160,0,0,-0.2,-0.6,0.6,2570,FALSE
2022-04-28,"Reference: Fixed, Report: Fixed",2022-05-01,1,5810,5810,3,1,0,9030,6420,8780,1,1930,1830,2022-05-01,40,1810,517,1290,0,0,-0.4,-0.6,0.3,2570,FALSE
2022-04-28,"Reference: Fixed, Report: Fixed",2022-05-01,1,5810,5810,3,1,0,9030,6420,8780,1,1930,1830,2022-05-01,40,1810,517,1290,0,0,-0.4,-0.6,0.7,2570,FALSE
2022-04-28,"Reference: Fixed, Report: Fixed",2022-05-01,1,5810,5810,3,1,0,9030,6420,8780,1,1930,1830,2022-05-01,60,738,738,0,0,1,0.4,-0.6,0.2,2570,FALSE
2022-04-28,"Reference: Fixed, Report: Fixed",2022-05-01,1,5810,5810,3,1,0,9030,6420,8780,1,1930,1830,2022-05-01,60,738,738,0,0,1,0.4,-0.6,0.8,2570,TRUE
2022-04-28,"Reference: Fixed, Report: Fixed",2022-05-01,1,5810,5810,3,1,0,9030,6420,8780,1,1930,1830,2022-05-01,80,783,783,0,0,1,0.2,-0.6,0.1,2570,FALSE
2022-04-28,"Reference: Fixed, Report: Fixed",2022-05-01,1,5810,5810,3,1,0,9030,6420,8780,1,1930,1830,2022-05-01,80,783,783,0,0,1,0.2,-0.6,0.9,2570,TRUE
2022-04-28,"Reference: Fixed, Report: Fixed",2022-05-01,1,5810,5810,3,1,0,9030,6420,8780,1,1930,1830,2022-05-01,90,741,741,0,0,1,0.1,-0.6,0.05,2570,FALSE
2022-04-28,"Reference: Fixed, Report: Fixed",2022-05-01,1,5810,5810,3,1,0,9030,6420,8780,1,1930,1830,2022-05-01,90,741,741,0,0,1,0.1,-0.6,0.95,2570,TRUE
2022-04-28,"Reference: Fixed, Report: Fixed",2022-05-01,1,5810,5810,3,1,0,9030,6420,8780,1,1930,1830,2022-05-01,95,584,584,0,0,1,0.05,-0.6,0.025,2570,FALSE
2022-04-28,"Reference: Fixed, Report: Fixed",2022-05-01,1,5810,5810,3,1,0,9030,6420,8780,1,1930,1830,2022-05-01,95,584,584,0,0,1,0.05,-0.6,0.975,2570,TRUE
2022-04-28,"Reference: Week, Report: Day of Week",2022-05-01,1,5810,5810,3,1,0,25800,13200,33800,1,1920,1860,2022-05-01,0,4190,0,0,4190,0,0,0.4,0.5,4190,TRUE
2022-04-28,"Reference: Week, Report: Day of Week",2022-05-01,1,5810,5810,3,1,0,25800,13200,33800,1,1920,1860,2022-05-01,20,4410,2730,0,1670,0,-0.2,0.4,0.4,4190,TRUE
2022-04-28,"Reference: Week, Report: Day of Week",2022-05-01,1,5810,5810,3,1,0,25800,13200,33800,1,1920,1860,2022-05-01,20,4410,2730,0,1670,0,-0.2,0.4,0.6,4190,TRUE
2022-04-28,"Reference: Week, Report: Day of Week",2022-05-01,1,5810,5810,3,1,0,25800,13200,33800,1,1920,1860,2022-05-01,40,4730,4730,0,0,1,0.6,0.4,0.3,4190,FALSE
2022-04-28,"Reference: Week, Report: Day of Week",2022-05-01,1,5810,5810,3,1,0,25800,13200,33800,1,1920,1860,2022-05-01,40,4730,4730,0,0,1,0.6,0.4,0.7,4190,TRUE
2022-04-28,"Reference: Week, Report: Day of Week",2022-05-01,1,5810,5810,3,1,0,25800,13200,33800,1,1920,1860,2022-05-01,60,5340,5340,0,0,1,0.4,0.4,0.2,4190,FALSE
2022-04-28,"Reference: Week, Report: Day of Week",2022-05-01,1,5810,5810,3,1,0,25800,13200,33800,1,1920,1860,2022-05-01,60,5340,5340,0,0,1,0.4,0.4,0.8,4190,TRUE
2022-04-28,"Reference: Week, Report: Day of Week",2022-05-01,1,5810,5810,3,1,0,25800,13200,33800,1,1920,1860,2022-05-01,80,5100,5100,0,0,1,0.2,0.4,0.1,4190,FALSE
2022-04-28,"Reference: Week, Report: Day of Week",2022-05-01,1,5810,5810,3,1,0,25800,13200,33800,1,1920,1860,2022-05-01,80,5100,5100,0,0,1,0.2,0.4,0.9,4190,TRUE
2022-04-28,"Reference: Week, Report: Day of Week",2022-05-01,1,5810,5810,3,1,0,25800,13200,33800,1,1920,1860,2022-05-01,90,4170,4170,0,0,1,0.1,0.4,0.05,4190,FALSE
2022-04-28,"Reference: Week, Report: Day of Week",2022-05-01,1,5810,5810,3,1,0,25800,13200,33800,1,1920,1860,2022-05-01,90,4170,4170,0,0,1,0.1,0.4,0.95,4190,TRUE
2022-04-28,"Reference: Week, Report: Day of Week",2022-05-01,1,5810,5810,3,1,0,25800,13200,33800,1,1920,1860,2022-05-01,95,2990,2990,0,0,1,0.05,0.4,0.025,4190,FALSE
2022-04-28,"Reference: Week, Report: Day of Week",2022-05-01,1,5810,5810,3,1,0,25800,13200,33800,1,1920,1860,2022-05-01,95,2990,2990,0,0,1,0.05,0.4,0.975,4190,TRUE
2022-04-29,"Reference: Fixed, Report: Day of Week",2022-05-01,1,0,0,2,NA,NA,20600,8460,32500,1,1870,1890,2022-05-01,0,500,0,0,500,0,0,0.2,0.5,500,TRUE
2022-04-29,"Reference: Fixed, Report: Day of Week",2022-05-01,1,0,0,2,NA,NA,20600,8460,32500,1,1870,1890,2022-05-01,20,3120,3120,0,0,1,0.8,0.2,0.4,500,FALSE
2022-04-29,"Reference: Fixed, Report: Day of Week",2022-05-01,1,0,0,2,NA,NA,20600,8460,32500,1,1870,1890,2022-05-01,20,3120,3120,0,0,1,0.8,0.2,0.6,500,TRUE
2022-04-29,"Reference: Fixed, Report: Day of Week",2022-05-01,1,0,0,2,NA,NA,20600,8460,32500,1,1870,1890,2022-05-01,40,4970,4970,0,0,1,0.6,0.2,0.3,500,FALSE
2022-04-29,"Reference: Fixed, Report: Day of Week",2022-05-01,1,0,0,2,NA,NA,20600,8460,32500,1,1870,1890,2022-05-01,40,4970,4970,0,0,1,0.6,0.2,0.7,500,TRUE
2022-04-29,"Reference: Fixed, Report: Day of Week",2022-05-01,1,0,0,2,NA,NA,20600,8460,32500,1,1870,1890,2022-05-01,60,6050,6050,0,0,1,0.4,0.2,0.2,500,FALSE
2022-04-29,"Reference: Fixed, Report: Day of Week",2022-05-01,1,0,0,2,NA,NA,20600,8460,32500,1,1870,1890,2022-05-01,60,6050,6050,0,0,1,0.4,0.2,0.8,500,TRUE
2022-04-29,"Reference: Fixed, Report: Day of Week",2022-05-01,1,0,0,2,NA,NA,20600,8460,32500,1,1870,1890,2022-05-01,80,5300,5300,0,0,1,0.2,0.2,0.1,500,FALSE
2022-04-29,"Reference: Fixed, Report: Day of Week",2022-05-01,1,0,0,2,NA,NA,20600,8460,32500,1,1870,1890,2022-05-01,80,5300,5300,0,0,1,0.2,0.2,0.9,500,TRUE
2022-04-29,"Reference: Fixed, Report: Day of Week",2022-05-01,1,0,0,2,NA,NA,20600,8460,32500,1,1870,1890,2022-05-01,90,4010,4010,0,0,1,0.1,0.2,0.05,500,FALSE
2022-04-29,"Reference: Fixed, Report: Day of Week",2022-05-01,1,0,0,2,NA,NA,20600,8460,32500,1,1870,1890,2022-05-01,90,4010,4010,0,0,1,0.1,0.2,0.95,500,TRUE
2022-04-29,"Reference: Fixed, Report: Day of Week",2022-05-01,1,0,0,2,NA,NA,20600,8460,32500,1,1870,1890,2022-05-01,95,2730,2730,0,0,1,0.05,0.2,0.025,500,FALSE
2022-04-29,"Reference: Fixed, Report: Day of Week",2022-05-01,1,0,0,2,NA,NA,20600,8460,32500,1,1870,1890,2022-05-01,95,2730,2730,0,0,1,0.05,0.2,0.975,500,TRUE
2022-04-29,"Reference: Fixed, Report: Fixed",2022-05-01,1,0,0,2,NA,NA,8750,1590,24600,1,1880,1930,2022-05-01,0,6370,0,6370,0,0,0,-0.6,0.5,6370,FALSE
2022-04-29,"Reference: Fixed, Report: Fixed",2022-05-01,1,0,0,2,NA,NA,8750,1590,24600,1,1880,1930,2022-05-01,20,6040,669,5370,0,0,-0.2,-0.6,0.4,6370,FALSE
2022-04-29,"Reference: Fixed, Report: Fixed",2022-05-01,1,0,0,2,NA,NA,8750,1590,24600,1,1880,1930,2022-05-01,20,6040,669,5370,0,0,-0.2,-0.6,0.6,6370,FALSE
2022-04-29,"Reference: Fixed, Report: Fixed",2022-05-01,1,0,0,2,NA,NA,8750,1590,24600,1,1880,1930,2022-05-01,40,4470,1290,3170,0,0,-0.4,-0.6,0.3,6370,FALSE
2022-04-29,"Reference: Fixed, Report: Fixed",2022-05-01,1,0,0,2,NA,NA,8750,1590,24600,1,1880,1930,2022-05-01,40,4470,1290,3170,0,0,-0.4,-0.6,0.7,6370,FALSE
2022-04-29,"Reference: Fixed, Report: Fixed",2022-05-01,1,0,0,2,NA,NA,8750,1590,24600,1,1880,1930,2022-05-01,60,1640,1640,0,0,1,0.4,-0.6,0.2,6370,FALSE
2022-04-29,"Reference: Fixed, Report: Fixed",2022-05-01,1,0,0,2,NA,NA,8750,1590,24600,1,1880,1930,2022-05-01,60,1640,1640,0,0,1,0.4,-0.6,0.8,6370,TRUE
2022-04-29,"Reference: Fixed, Report: Fixed",2022-05-01,1,0,0,2,NA,NA,8750,1590,24600,1,1880,1930,2022-05-01,80,2010,2010,0,0,1,0.2,-0.6,0.1,6370,FALSE
2022-04-29,"Reference: Fixed, Report: Fixed",2022-05-01,1,0,0,2,NA,NA,8750,1590,24600,1,1880,1930,2022-05-01,80,2010,2010,0,0,1,0.2,-0.6,0.9,6370,TRUE
2022-04-29,"Reference: Fixed, Report: Fixed",2022-05-01,1,0,0,2,NA,NA,8750,1590,24600,1,1880,1930,2022-05-01,90,1800,1800,0,0,1,0.1,-0.6,0.05,6370,FALSE
2022-04-29,"Reference: Fixed, Report: Fixed",2022-05-01,1,0,0,2,NA,NA,8750,1590,24600,1,1880,1930,2022-05-01,90,1800,1800,0,0,1,0.1,-0.6,0.95,6370,TRUE
2022-04-29,"Reference: Fixed, Report: Fixed",2022-05-01,1,0,0,2,NA,NA,8750,1590,24600,1,1880,1930,2022-05-01,95,1710,1710,0,0,1,0.05,-0.6,0.025,6370,FALSE
2022-04-29,"Reference: Fixed, Report: Fixed",2022-05-01,1,0,0,2,NA,NA,8750,1590,24600,1,1880,1930,2022-05-01,95,1710,1710,0,0,1,0.05,-0.6,0.975,6370,TRUE
2022-04-29,"Reference: Week, Report: Day of Week",2022-05-01,1,0,0,2,NA,NA,21700,8100,39100,1,1750,1680,2022-05-01,0,142,0,0,142,0,0,0.2,0.5,142,TRUE
2022-04-29,"Reference: Week, Report: Day of Week",2022-05-01,1,0,0,2,NA,NA,21700,8100,39100,1,1750,1680,2022-05-01,20,2800,2800,0,0,1,0.8,0.2,0.4,142,FALSE
2022-04-29,"Reference: Week, Report: Day of Week",2022-05-01,1,0,0,2,NA,NA,21700,8100,39100,1,1750,1680,2022-05-01,20,2800,2800,0,0,1,0.8,0.2,0.6,142,TRUE
2022-04-29,"Reference: Week, Report: Day of Week",2022-05-01,1,0,0,2,NA,NA,21700,8100,39100,1,1750,1680,2022-05-01,40,4710,4710,0,0,1,0.6,0.2,0.3,142,FALSE
2022-04-29,"Reference: Week, Report: Day of Week",2022-05-01,1,0,0,2,NA,NA,21700,8100,39100,1,1750,1680,2022-05-01,40,4710,4710,0,0,1,0.6,0.2,0.7,142,TRUE
2022-04-29,"Reference: Week, Report: Day of Week",2022-05-01,1,0,0,2,NA,NA,21700,8100,39100,1,1750,1680,2022-05-01,60,5780,5780,0,0,1,0.4,0.2,0.2,142,FALSE
2022-04-29,"Reference: Week, Report: Day of Week",2022-05-01,1,0,0,2,NA,NA,21700,8100,39100,1,1750,1680,2022-05-01,60,5780,5780,0,0,1,0.4,0.2,0.8,142,TRUE
2022-04-29,"Reference: Week, Report: Day of Week",2022-05-01,1,0,0,2,NA,NA,21700,8100,39100,1,1750,1680,2022-05-01,80,5480,5480,0,0,1,0.2,0.2,0.1,142,FALSE
2022-04-29,"Reference: Week, Report: Day of Week",2022-05-01,1,0,0,2,NA,NA,21700,8100,39100,1,1750,1680,2022-05-01,80,5480,5480,0,0,1,0.2,0.2,0.9,142,TRUE
2022-04-29,"Reference: Week, Report: Day of Week",2022-05-01,1,0,0,2,NA,NA,21700,8100,39100,1,1750,1680,2022-05-01,90,4310,4310,0,0,1,0.1,0.2,0.05,142,FALSE
2022-04-29,"Reference: Week, Report: Day of Week",2022-05-01,1,0,0,2,NA,NA,21700,8100,39100,1,1750,1680,2022-05-01,90,4310,4310,0,0,1,0.1,0.2,0.95,142,TRUE
2022-04-29,"Reference: Week, Report: Day of Week",2022-05-01,1,0,0,2,NA,NA,21700,8100,39100,1,1750,1680,2022-05-01,95,3270,3270,0,0,1,0.05,0.2,0.025,142,FALSE
2022-04-29,"Reference: Week, Report: Day of Week",2022-05-01,1,0,0,2,NA,NA,21700,8100,39100,1,1750,1680,2022-05-01,95,3270,3270,0,0,1,0.05,0.2,0.975,142,TRUE
2022-04-30,"Reference: Fixed, Report: Day of Week",2022-05-01,1,0,0,1,NA,NA,21400,9660,35600,1,2020,1760,2022-05-01,0,2800,0,0,2800,0,0,0.2,0.5,2800,TRUE
2022-04-30,"Reference: Fixed, Report: Day of Week",2022-05-01,1,0,0,1,NA,NA,21400,9660,35600,1,2020,1760,2022-05-01,20,2910,2910,0,0,1,0.8,0.2,0.4,2800,FALSE
2022-04-30,"Reference: Fixed, Report: Day of Week",2022-05-01,1,0,0,1,NA,NA,21400,9660,35600,1,2020,1760,2022-05-01,20,2910,2910,0,0,1,0.8,0.2,0.6,2800,TRUE
2022-04-30,"Reference: Fixed, Report: Day of Week",2022-05-01,1,0,0,1,NA,NA,21400,9660,35600,1,2020,1760,2022-05-01,40,4730,4730,0,0,1,0.6,0.2,0.3,2800,FALSE
2022-04-30,"Reference: Fixed, Report: Day of Week",2022-05-01,1,0,0,1,NA,NA,21400,9660,35600,1,2020,1760,2022-05-01,40,4730,4730,0,0,1,0.6,0.2,0.7,2800,TRUE
2022-04-30,"Reference: Fixed, Report: Day of Week",2022-05-01,1,0,0,1,NA,NA,21400,9660,35600,1,2020,1760,2022-05-01,60,5560,5560,0,0,1,0.4,0.2,0.2,2800,FALSE
2022-04-30,"Reference: Fixed, Report: Day of Week",2022-05-01,1,0,0,1,NA,NA,21400,9660,35600,1,2020,1760,2022-05-01,60,5560,5560,0,0,1,0.4,0.2,0.8,2800,TRUE
2022-04-30,"Reference: Fixed, Report: Day of Week",2022-05-01,1,0,0,1,NA,NA,21400,9660,35600,1,2020,1760,2022-05-01,80,5080,5080,0,0,1,0.2,0.2,0.1,2800,FALSE
2022-04-30,"Reference: Fixed, Report: Day of Week",2022-05-01,1,0,0,1,NA,NA,21400,9660,35600,1,2020,1760,2022-05-01,80,5080,5080,0,0,1,0.2,0.2,0.9,2800,TRUE
2022-04-30,"Reference: Fixed, Report: Day of Week",2022-05-01,1,0,0,1,NA,NA,21400,9660,35600,1,2020,1760,2022-05-01,90,4070,4070,0,0,1,0.1,0.2,0.05,2800,FALSE
2022-04-30,"Reference: Fixed, Report: Day of Week",2022-05-01,1,0,0,1,NA,NA,21400,9660,35600,1,2020,1760,2022-05-01,90,4070,4070,0,0,1,0.1,0.2,0.95,2800,TRUE
2022-04-30,"Reference: Fixed, Report: Day of Week",2022-05-01,1,0,0,1,NA,NA,21400,9660,35600,1,2020,1760,2022-05-01,95,2820,2820,0,0,1,0.05,0.2,0.025,2800,FALSE
2022-04-30,"Reference: Fixed, Report: Day of Week",2022-05-01,1,0,0,1,NA,NA,21400,9660,35600,1,2020,1760,2022-05-01,95,2820,2820,0,0,1,0.05,0.2,0.975,2800,TRUE
2022-04-30,"Reference: Fixed, Report: Fixed",2022-05-01,1,0,0,1,NA,NA,14700,3070,38100,1,2000,1880,2022-05-01,0,3790,0,3790,0,0,0,-0.4,0.5,3790,FALSE
2022-04-30,"Reference: Fixed, Report: Fixed",2022-05-01,1,0,0,1,NA,NA,14700,3070,38100,1,2000,1880,2022-05-01,20,3120,1410,1710,0,0,-0.2,-0.4,0.4,3790,FALSE
2022-04-30,"Reference: Fixed, Report: Fixed",2022-05-01,1,0,0,1,NA,NA,14700,3070,38100,1,2000,1880,2022-05-01,20,3120,1410,1710,0,0,-0.2,-0.4,0.6,3790,FALSE
2022-04-30,"Reference: Fixed, Report: Fixed",2022-05-01,1,0,0,1,NA,NA,14700,3070,38100,1,2000,1880,2022-05-01,40,2500,2500,0,0,1,0.6,-0.4,0.3,3790,FALSE
2022-04-30,"Reference: Fixed, Report: Fixed",2022-05-01,1,0,0,1,NA,NA,14700,3070,38100,1,2000,1880,2022-05-01,40,2500,2500,0,0,1,0.6,-0.4,0.7,3790,TRUE
2022-04-30,"Reference: Fixed, Report: Fixed",2022-05-01,1,0,0,1,NA,NA,14700,3070,38100,1,2000,1880,2022-05-01,60,3290,3290,0,0,1,0.4,-0.4,0.2,3790,FALSE
2022-04-30,"Reference: Fixed, Report: Fixed",2022-05-01,1,0,0,1,NA,NA,14700,3070,38100,1,2000,1880,2022-05-01,60,3290,3290,0,0,1,0.4,-0.4,0.8,3790,TRUE
2022-04-30,"Reference: Fixed, Report: Fixed",2022-05-01,1,0,0,1,NA,NA,14700,3070,38100,1,2000,1880,2022-05-01,80,3600,3600,0,0,1,0.2,-0.4,0.1,3790,FALSE
2022-04-30,"Reference: Fixed, Report: Fixed",2022-05-01,1,0,0,1,NA,NA,14700,3070,38100,1,2000,1880,2022-05-01,80,3600,3600,0,0,1,0.2,-0.4,0.9,3790,TRUE
2022-04-30,"Reference: Fixed, Report: Fixed",2022-05-01,1,0,0,1,NA,NA,14700,3070,38100,1,2000,1880,2022-05-01,90,3330,3330,0,0,1,0.1,-0.4,0.05,3790,FALSE
2022-04-30,"Reference: Fixed, Report: Fixed",2022-05-01,1,0,0,1,NA,NA,14700,3070,38100,1,2000,1880,2022-05-01,90,3330,3330,0,0,1,0.1,-0.4,0.95,3790,TRUE
2022-04-30,"Reference: Fixed, Report: Fixed",2022-05-01,1,0,0,1,NA,NA,14700,3070,38100,1,2000,1880,2022-05-01,95,2650,2650,0,0,1,0.05,-0.4,0.025,3790,FALSE
2022-04-30,"Reference: Fixed, Report: Fixed",2022-05-01,1,0,0,1,NA,NA,14700,3070,38100,1,2000,1880,2022-05-01,95,2650,2650,0,0,1,0.05,-0.4,0.975,3790,TRUE
2022-04-30,"Reference: Week, Report: Day of Week",2022-05-01,1,0,0,1,NA,NA,22600,10900,36700,1,1930,2000,2022-05-01,0,4000,0,0,4000,0,0,0.4,0.5,4000,TRUE
2022-04-30,"Reference: Week, Report: Day of Week",2022-05-01,1,0,0,1,NA,NA,22600,10900,36700,1,1930,2000,2022-05-01,20,3640,2880,0,754,0,-0.2,0.4,0.4,4000,TRUE
2022-04-30,"Reference: Week, Report: Day of Week",2022-05-01,1,0,0,1,NA,NA,22600,10900,36700,1,1930,2000,2022-05-01,20,3640,2880,0,754,0,-0.2,0.4,0.6,4000,TRUE
2022-04-30,"Reference: Week, Report: Day of Week",2022-05-01,1,0,0,1,NA,NA,22600,10900,36700,1,1930,2000,2022-05-01,40,5090,5090,0,0,1,0.6,0.4,0.3,4000,FALSE
2022-04-30,"Reference: Week, Report: Day of Week",2022-05-01,1,0,0,1,NA,NA,22600,10900,36700,1,1930,2000,2022-05-01,40,5090,5090,0,0,1,0.6,0.4,0.7,4000,TRUE
2022-04-30,"Reference: Week, Report: Day of Week",2022-05-01,1,0,0,1,NA,NA,22600,10900,36700,1,1930,2000,2022-05-01,60,6060,6060,0,0,1,0.4,0.4,0.2,4000,FALSE
2022-04-30,"Reference: Week, Report: Day of Week",2022-05-01,1,0,0,1,NA,NA,22600,10900,36700,1,1930,2000,2022-05-01,60,6060,6060,0,0,1,0.4,0.4,0.8,4000,TRUE
2022-04-30,"Reference: Week, Report: Day of Week",2022-05-01,1,0,0,1,NA,NA,22600,10900,36700,1,1930,2000,2022-05-01,80,5350,5350,0,0,1,0.2,0.4,0.1,4000,FALSE
2022-04-30,"Reference: Week, Report: Day of Week",2022-05-01,1,0,0,1,NA,NA,22600,10900,36700,1,1930,2000,2022-05-01,80,5350,5350,0,0,1,0.2,0.4,0.9,4000,TRUE
2022-04-30,"Reference: Week, Report: Day of Week",2022-05-01,1,0,0,1,NA,NA,22600,10900,36700,1,1930,2000,2022-05-01,90,4110,4110,0,0,1,0.1,0.4,0.05,4000,FALSE
2022-04-30,"Reference: Week, Report: Day of Week",2022-05-01,1,0,0,1,NA,NA,22600,10900,36700,1,1930,2000,2022-05-01,90,4110,4110,0,0,1,0.1,0.4,0.95,4000,TRUE
2022-04-30,"Reference: Week, Report: Day of Week",2022-05-01,1,0,0,1,NA,NA,22600,10900,36700,1,1930,2000,2022-05-01,95,2870,2870,0,0,1,0.05,0.4,0.025,4000,FALSE
2022-04-30,"Reference: Week, Report: Day of Week",2022-05-01,1,0,0,1,NA,NA,22600,10900,36700,1,1930,2000,2022-05-01,95,2870,2870,0,0,1,0.05,0.4,0.975,4000,TRUE
2022-05-01,"Reference: Fixed, Report: Day of Week",2022-05-01,1,0,0,0,NA,NA,20100,9460,39000,1,2100,2040,2022-05-01,0,1770,0,0,1770,0,0,0.2,0.5,1770,TRUE
2022-05-01,"Reference: Fixed, Report: Day of Week",2022-05-01,1,0,0,0,NA,NA,20100,9460,39000,1,2100,2040,2022-05-01,20,2500,2500,0,0,1,0.8,0.2,0.4,1770,FALSE
2022-05-01,"Reference: Fixed, Report: Day of Week",2022-05-01,1,0,0,0,NA,NA,20100,9460,39000,1,2100,2040,2022-05-01,20,2500,2500,0,0,1,0.8,0.2,0.6,1770,TRUE
2022-05-01,"Reference: Fixed, Report: Day of Week",2022-05-01,1,0,0,0,NA,NA,20100,9460,39000,1,2100,2040,2022-05-01,40,3960,3960,0,0,1,0.6,0.2,0.3,1770,FALSE
2022-05-01,"Reference: Fixed, Report: Day of Week",2022-05-01,1,0,0,0,NA,NA,20100,9460,39000,1,2100,2040,2022-05-01,40,3960,3960,0,0,1,0.6,0.2,0.7,1770,TRUE
2022-05-01,"Reference: Fixed, Report: Day of Week",2022-05-01,1,0,0,0,NA,NA,20100,9460,39000,1,2100,2040,2022-05-01,60,4810,4810,0,0,1,0.4,0.2,0.2,1770,FALSE
2022-05-01,"Reference: Fixed, Report: Day of Week",2022-05-01,1,0,0,0,NA,NA,20100,9460,39000,1,2100,2040,2022-05-01,60,4810,4810,0,0,1,0.4,0.2,0.8,1770,TRUE
2022-05-01,"Reference: Fixed, Report: Day of Week",2022-05-01,1,0,0,0,NA,NA,20100,9460,39000,1,2100,2040,2022-05-01,80,4240,4240,0,0,1,0.2,0.2,0.1,1770,FALSE
2022-05-01,"Reference: Fixed, Report: Day of Week",2022-05-01,1,0,0,0,NA,NA,20100,9460,39000,1,2100,2040,2022-05-01,80,4240,4240,0,0,1,0.2,0.2,0.9,1770,TRUE
2022-05-01,"Reference: Fixed, Report: Day of Week",2022-05-01,1,0,0,0,NA,NA,20100,9460,39000,1,2100,2040,2022-05-01,90,3560,3560,0,0,1,0.1,0.2,0.05,1770,FALSE
2022-05-01,"Reference: Fixed, Report: Day of Week",2022-05-01,1,0,0,0,NA,NA,20100,9460,39000,1,2100,2040,2022-05-01,90,3560,3560,0,0,1,0.1,0.2,0.95,1770,TRUE
2022-05-01,"Reference: Fixed, Report: Day of Week",2022-05-01,1,0,0,0,NA,NA,20100,9460,39000,1,2100,2040,2022-05-01,95,2600,2600,0,0,1,0.05,0.2,0.025,1770,FALSE
2022-05-01,"Reference: Fixed, Report: Day of Week",2022-05-01,1,0,0,0,NA,NA,20100,9460,39000,1,2100,2040,2022-05-01,95,2600,2600,0,0,1,0.05,0.2,0.975,1770,TRUE
2022-05-01,"Reference: Fixed, Report: Fixed",2022-05-01,1,0,0,0,NA,NA,16800,4390,40600,1,1990,1920,2022-05-01,0,3300,0,3300,0,0,0,-0.4,0.5,3300,FALSE
2022-05-01,"Reference: Fixed, Report: Fixed",2022-05-01,1,0,0,0,NA,NA,16800,4390,40600,1,1990,1920,2022-05-01,20,2410,1670,743,0,0,-0.2,-0.4,0.4,3300,FALSE
2022-05-01,"Reference: Fixed, Report: Fixed",2022-05-01,1,0,0,0,NA,NA,16800,4390,40600,1,1990,1920,2022-05-01,20,2410,1670,743,0,0,-0.2,-0.4,0.6,3300,FALSE
2022-05-01,"Reference: Fixed, Report: Fixed",2022-05-01,1,0,0,0,NA,NA,16800,4390,40600,1,1990,1920,2022-05-01,40,3080,3080,0,0,1,0.6,-0.4,0.3,3300,FALSE
2022-05-01,"Reference: Fixed, Report: Fixed",2022-05-01,1,0,0,0,NA,NA,16800,4390,40600,1,1990,1920,2022-05-01,40,3080,3080,0,0,1,0.6,-0.4,0.7,3300,TRUE
2022-05-01,"Reference: Fixed, Report: Fixed",2022-05-01,1,0,0,0,NA,NA,16800,4390,40600,1,1990,1920,2022-05-01,60,4040,4040,0,0,1,0.4,-0.4,0.2,3300,FALSE
2022-05-01,"Reference: Fixed, Report: Fixed",2022-05-01,1,0,0,0,NA,NA,16800,4390,40600,1,1990,1920,2022-05-01,60,4040,4040,0,0,1,0.4,-0.4,0.8,3300,TRUE
2022-05-01,"Reference: Fixed, Report: Fixed",2022-05-01,1,0,0,0,NA,NA,16800,4390,40600,1,1990,1920,2022-05-01,80,4250,4250,0,0,1,0.2,-0.4,0.1,3300,FALSE
2022-05-01,"Reference: Fixed, Report: Fixed",2022-05-01,1,0,0,0,NA,NA,16800,4390,40600,1,1990,1920,2022-05-01,80,4250,4250,0,0,1,0.2,-0.4,0.9,3300,TRUE
2022-05-01,"Reference: Fixed, Report: Fixed",2022-05-01,1,0,0,0,NA,NA,16800,4390,40600,1,1990,1920,2022-05-01,90,3690,3690,0,0,1,0.1,-0.4,0.05,3300,FALSE
2022-05-01,"Reference: Fixed, Report: Fixed",2022-05-01,1,0,0,0,NA,NA,16800,4390,40600,1,1990,1920,2022-05-01,90,3690,3690,0,0,1,0.1,-0.4,0.95,3300,TRUE
2022-05-01,"Reference: Fixed, Report: Fixed",2022-05-01,1,0,0,0,NA,NA,16800,4390,40600,1,1990,1920,2022-05-01,95,2970,2970,0,0,1,0.05,-0.4,0.025,3300,FALSE
2022-05-01,"Reference: Fixed, Report: Fixed",2022-05-01,1,0,0,0,NA,NA,16800,4390,40600,1,1990,1920,2022-05-01,95,2970,2970,0,0,1,0.05,-0.4,0.975,3300,TRUE
2022-05-01,"Reference: Week, Report: Day of Week",2022-05-01,1,0,0,0,NA,NA,23100,11200,37500,1,1750,1410,2022-05-01,0,3540,0,0,3540,0,0,0.4,0.5,3540,TRUE
2022-05-01,"Reference: Week, Report: Day of Week",2022-05-01,1,0,0,0,NA,NA,23100,11200,37500,1,1750,1410,2022-05-01,20,3390,3060,0,333,0,-0.2,0.4,0.4,3540,TRUE
2022-05-01,"Reference: Week, Report: Day of Week",2022-05-01,1,0,0,0,NA,NA,23100,11200,37500,1,1750,1410,2022-05-01,20,3390,3060,0,333,0,-0.2,0.4,0.6,3540,TRUE
2022-05-01,"Reference: Week, Report: Day of Week",2022-05-01,1,0,0,0,NA,NA,23100,11200,37500,1,1750,1410,2022-05-01,40,5120,5120,0,0,1,0.6,0.4,0.3,3540,FALSE
2022-05-01,"Reference: Week, Report: Day of Week",2022-05-01,1,0,0,0,NA,NA,23100,11200,37500,1,1750,1410,2022-05-01,40,5120,5120,0,0,1,0.6,0.4,0.7,3540,TRUE
2022-05-01,"Reference: Week, Report: Day of Week",2022-05-01,1,0,0,0,NA,NA,23100,11200,37500,1,1750,1410,2022-05-01,60,5930,5930,0,0,1,0.4,0.4,0.2,3540,FALSE
2022-05-01,"Reference: Week, Report: Day of Week",2022-05-01,1,0,0,0,NA,NA,23100,11200,37500,1,1750,1410,2022-05-01,60,5930,5930,0,0,1,0.4,0.4,0.8,3540,TRUE
2022-05-01,"Reference: Week, Report: Day of Week",2022-05-01,1,0,0,0,NA,NA,23100,11200,37500,1,1750,1410,2022-05-01,80,5290,5290,0,0,1,0.2,0.4,0.1,3540,FALSE
2022-05-01,"Reference: Week, Report: Day of Week",2022-05-01,1,0,0,0,NA,NA,23100,11200,37500,1,1750,1410,2022-05-01,80,5290,5290,0,0,1,0.2,0.4,0.9,3540,TRUE
2022-05-01,"Reference: Week, Report: Day of Week",2022-05-01,1,0,0,0,NA,NA,23100,11200,37500,1,1750,1410,2022-05-01,90,3920,3920,0,0,1,0.1,0.4,0.05,3540,FALSE
2022-05-01,"Reference: Week, Report: Day of Week",2022-05-01,1,0,0,0,NA,NA,23100,11200,37500,1,1750,1410,2022-05-01,90,3920,3920,0,0,1,0.1,0.4,0.95,3540,TRUE
2022-05-01,"Reference: Week, Report: Day of Week",2022-05-01,1,0,0,0,NA,NA,23100,11200,37500,1,1750,1410,2022-05-01,95,3130,3130,0,0,1,0.05,0.4,0.025,3540,FALSE
2022-05-01,"Reference: Week, Report: Day of Week",2022-05-01,1,0,0,0,NA,NA,23100,11200,37500,1,1750,1410,2022-05-01,95,3130,3130,0,0,1,0.05,0.4,0.975,3540,TRUE
